Subsector,Gas,Edgar_Sector,Edgar_Subsector,Edgar_Subsector_Synthetic,Vars,id,BGR,Edgar_Class
agrc,CH4,Agriculture,AG - Crops,AG - Crops,emission_co2e_ch4_agrc_anaerobicdom_rice:emission_co2e_ch4_agrc_biomass_burning,AG - Crops - CH4,0.12515,AG - Crops:CH4
agrc,CO2,Agriculture,AG - Crops,AG - Crops,emission_co2e_co2_soil_soc_mineral_soils:emission_co2e_co2_lndu_drained_organic_soils_pastures:emission_co2e_co2_soil_urea_use:emission_co2e_co2_soil_lime_use:emission_co2e_co2_agrc_biomass_bevs_and_spices:emission_co2e_co2_agrc_biomass_fruits:emission_co2e_co2_agrc_biomass_nuts:emission_co2e_co2_agrc_biomass_other_woody_perennial:emission_co2e_co2_lndu_drained_organic_soils_croplands,AG - Crops - CO2,0.09423,AG - Crops:CO2
agrc,N2O,Agriculture,AG - Crops,AG - Crops,emission_co2e_n2o_soil_fertilizer:emission_co2e_n2o_soil_mineral_soils:emission_co2e_n2o_soil_organic_soils:emission_co2e_n2o_soil_paddock_pasture_range:emission_co2e_n2o_agrc_biomass_burning:emission_co2e_n2o_agrc_crop_residues,AG - Crops - N2O,3.40272,AG - Crops:N2O
lvst,CH4,Agriculture,AG - Livestock,AG - Livestock,emission_co2e_ch4_lvst_entferm_buffalo:emission_co2e_ch4_lvst_entferm_cattle_dairy:emission_co2e_ch4_lvst_entferm_cattle_nondairy:emission_co2e_ch4_lvst_entferm_chickens:emission_co2e_ch4_lvst_entferm_goats:emission_co2e_ch4_lvst_entferm_horses:emission_co2e_ch4_lvst_entferm_mules:emission_co2e_ch4_lvst_entferm_pigs:emission_co2e_ch4_lvst_entferm_sheep:emission_co2e_ch4_lsmm_anaerobic_digester:emission_co2e_ch4_lsmm_anaerobic_lagoon:emission_co2e_ch4_lsmm_composting:emission_co2e_ch4_lsmm_daily_spread:emission_co2e_ch4_lsmm_deep_bedding:emission_co2e_ch4_lsmm_dry_lot:emission_co2e_ch4_lsmm_incineration:emission_co2e_ch4_lsmm_liquid_slurry:emission_co2e_ch4_lsmm_paddock_pasture_range:emission_co2e_ch4_lsmm_poultry_manure:emission_co2e_ch4_lsmm_storage_solid,AG - Livestock - CH4,1.976805,AG - Livestock:CH4
lsmm,N2O,Agriculture,AG - Livestock,AG - Livestock,emission_co2e_n2o_lsmm_direct_anaerobic_digester:emission_co2e_n2o_lsmm_direct_anaerobic_lagoon:emission_co2e_n2o_lsmm_direct_composting:emission_co2e_n2o_lsmm_direct_daily_spread:emission_co2e_n2o_lsmm_direct_deep_bedding:emission_co2e_n2o_lsmm_direct_dry_lot:emission_co2e_n2o_lsmm_direct_incineration:emission_co2e_n2o_lsmm_direct_liquid_slurry:emission_co2e_n2o_lsmm_direct_paddock_pasture_range:emission_co2e_n2o_lsmm_direct_poultry_manure:emission_co2e_n2o_lsmm_direct_storage_solid:emission_co2e_n2o_lsmm_indirect_anaerobic_digester:emission_co2e_n2o_lsmm_indirect_anaerobic_lagoon:emission_co2e_n2o_lsmm_indirect_composting:emission_co2e_n2o_lsmm_indirect_daily_spread:emission_co2e_n2o_lsmm_indirect_deep_bedding:emission_co2e_n2o_lsmm_indirect_dry_lot:emission_co2e_n2o_lsmm_indirect_incineration:emission_co2e_n2o_lsmm_indirect_liquid_slurry:emission_co2e_n2o_lsmm_indirect_paddock_pasture_range:emission_co2e_n2o_lsmm_indirect_poultry_manure:emission_co2e_n2o_lsmm_indirect_storage_solid,AG - Livestock - N2O,0.306905,AG - Livestock:N2O
ccsq,CH4,CCSQ,CCSQ,CCSQ,emission_co2e_ch4_ccsq_direct_air_capture,CCSQ - CH4,0,CCSQ:CH4
ccsq,CO2,CCSQ,CCSQ,CCSQ,emission_co2e_co2_ccsq_direct_air_capture,CCSQ - CO2,0,CCSQ:CO2
ccsq,N2O,CCSQ,CCSQ,CCSQ,emission_co2e_n2o_ccsq_direct_air_capture,CCSQ - N2O,0,CCSQ:N2O
scoe,CH4,Energy,EN - Building,EN - Building,emission_co2e_ch4_scoe_commercial_municipal:emission_co2e_ch4_scoe_residential,EN - Building - CH4,0.415001286,EN - Building:CH4
scoe,CO2,Energy,EN - Building,EN - Building,emission_co2e_co2_scoe_nbmass_commercial_municipal:emission_co2e_co2_scoe_nbmass_residential,EN - Building - CO2,1.695735954,EN - Building:CO2
scoe,N2O,Energy,EN - Building,EN - Building,emission_co2e_n2o_scoe_commercial_municipal:emission_co2e_n2o_scoe_residential,EN - Building - N2O,0.087103271,EN - Building:N2O
entc,CH4,Energy,EN - Electricity/Heat,EN - Electricity/Heat,emission_co2e_ch4_entc_generation_pp_biogas:emission_co2e_ch4_entc_generation_pp_biomass:emission_co2e_ch4_entc_generation_pp_coal:emission_co2e_ch4_entc_generation_pp_coal_ccs:emission_co2e_ch4_entc_generation_pp_gas:emission_co2e_ch4_entc_generation_pp_gas_ccs:emission_co2e_ch4_entc_generation_pp_geothermal:emission_co2e_ch4_entc_generation_pp_hydropower:emission_co2e_ch4_entc_generation_pp_nuclear:emission_co2e_ch4_entc_generation_pp_ocean:emission_co2e_ch4_entc_generation_pp_oil:emission_co2e_ch4_entc_generation_pp_solar:emission_co2e_ch4_entc_generation_pp_waste_incineration:emission_co2e_ch4_entc_generation_pp_wind,EN - Electricity/Heat - CH4,0.023683908,EN - Electricity/Heat:CH4
entc,CO2,Energy,EN - Electricity/Heat,EN - Electricity/Heat,emission_co2e_co2_entc_generation_pp_biogas:emission_co2e_co2_entc_generation_pp_coal:emission_co2e_co2_entc_generation_pp_coal_ccs:emission_co2e_co2_entc_generation_pp_gas:emission_co2e_co2_entc_generation_pp_gas_ccs:emission_co2e_co2_entc_generation_pp_geothermal:emission_co2e_co2_entc_generation_pp_hydropower:emission_co2e_co2_entc_generation_pp_nuclear:emission_co2e_co2_entc_generation_pp_ocean:emission_co2e_co2_entc_generation_pp_oil:emission_co2e_co2_entc_generation_pp_solar:emission_co2e_co2_entc_generation_pp_waste_incineration:emission_co2e_co2_entc_generation_pp_wind,EN - Electricity/Heat - CO2,25.09105165,EN - Electricity/Heat:CO2
entc,N2O,Energy,EN - Electricity/Heat,EN - Electricity/Heat,emission_co2e_n2o_entc_generation_pp_biogas:emission_co2e_n2o_entc_generation_pp_biomass:emission_co2e_n2o_entc_generation_pp_coal:emission_co2e_n2o_entc_generation_pp_coal_ccs:emission_co2e_n2o_entc_generation_pp_gas:emission_co2e_n2o_entc_generation_pp_gas_ccs:emission_co2e_n2o_entc_generation_pp_geothermal:emission_co2e_n2o_entc_generation_pp_hydropower:emission_co2e_n2o_entc_generation_pp_nuclear:emission_co2e_n2o_entc_generation_pp_ocean:emission_co2e_n2o_entc_generation_pp_oil:emission_co2e_n2o_entc_generation_pp_solar:emission_co2e_n2o_entc_generation_pp_waste_incineration:emission_co2e_n2o_entc_generation_pp_wind,EN - Electricity/Heat - N2O,0.106404361,EN - Electricity/Heat:N2O
fgtv,CH4,Energy,EN - Fugitive Emissions,EN - Fugitive Emissions,emission_co2e_ch4_fgtv_fuel_coal:emission_co2e_ch4_fgtv_fuel_natural_gas:emission_co2e_ch4_fgtv_fuel_oil:emission_co2e_ch4_entc_fuel_mining_and_extraction_me_coal:emission_co2e_ch4_entc_fuel_mining_and_extraction_me_crude:emission_co2e_ch4_entc_fuel_mining_and_extraction_me_natural_gas:emission_co2e_ch4_entc_processing_and_refinement_fp_ammonia_production:emission_co2e_ch4_entc_processing_and_refinement_fp_hydrogen_electrolysis:emission_co2e_ch4_entc_processing_and_refinement_fp_hydrogen_gasification:emission_co2e_ch4_entc_processing_and_refinement_fp_hydrogen_reformation:emission_co2e_ch4_entc_processing_and_refinement_fp_hydrogen_reformation_ccs:emission_co2e_ch4_entc_processing_and_refinement_fp_natural_gas:emission_co2e_ch4_entc_processing_and_refinement_fp_natural_gas_liquefaction:emission_co2e_ch4_entc_processing_and_refinement_fp_petroleum_refinement,EN - Fugitive Emissions - CH4,1.125721545,EN - Fugitive Emissions:CH4
fgtv,CO2,Energy,EN - Fugitive Emissions,EN - Fugitive Emissions,emission_co2e_co2_fgtv_fuel_coal:emission_co2e_co2_fgtv_fuel_natural_gas:emission_co2e_co2_fgtv_fuel_oil:emission_co2e_co2_entc_mining_and_extraction_me_coal:emission_co2e_co2_entc_mining_and_extraction_me_crude:emission_co2e_co2_entc_mining_and_extraction_me_natural_gas:emission_co2e_co2_entc_nbmass_processing_and_refinement_fp_ammonia_production:emission_co2e_co2_entc_nbmass_processing_and_refinement_fp_hydrogen_electrolysis:emission_co2e_co2_entc_nbmass_processing_and_refinement_fp_hydrogen_gasification:emission_co2e_co2_entc_nbmass_processing_and_refinement_fp_hydrogen_reformation:emission_co2e_co2_entc_nbmass_processing_and_refinement_fp_hydrogen_reformation_ccs:emission_co2e_co2_entc_nbmass_processing_and_refinement_fp_natural_gas:emission_co2e_co2_entc_nbmass_processing_and_refinement_fp_natural_gas_liquefaction:emission_co2e_co2_entc_nbmass_processing_and_refinement_fp_petroleum_refinement,EN - Fugitive Emissions - CO2,2.463175335,EN - Fugitive Emissions:CO2
fgtv,N2O,Energy,EN - Fugitive Emissions,EN - Fugitive Emissions,emission_co2e_n2o_fgtv_fuel_coal:emission_co2e_n2o_fgtv_fuel_natural_gas:emission_co2e_n2o_fgtv_fuel_oil:emission_co2e_n2o_entc_fuel_mining_and_extraction_me_coal:emission_co2e_n2o_entc_fuel_mining_and_extraction_me_crude:emission_co2e_n2o_entc_fuel_mining_and_extraction_me_natural_gas:emission_co2e_n2o_entc_processing_and_refinement_fp_ammonia_production:emission_co2e_n2o_entc_processing_and_refinement_fp_hydrogen_electrolysis:emission_co2e_n2o_entc_processing_and_refinement_fp_hydrogen_gasification:emission_co2e_n2o_entc_processing_and_refinement_fp_hydrogen_reformation:emission_co2e_n2o_entc_processing_and_refinement_fp_hydrogen_reformation_ccs:emission_co2e_n2o_entc_processing_and_refinement_fp_natural_gas:emission_co2e_n2o_entc_processing_and_refinement_fp_natural_gas_liquefaction:emission_co2e_n2o_entc_processing_and_refinement_fp_petroleum_refinement,EN - Fugitive Emissions - N2O,0.000855997,EN - Fugitive Emissions:N2O
inen,CH4,Energy,EN - Manufacturing/Construction,EN - Manufacturing/Construction,emission_co2e_ch4_inen_agriculture_and_livestock:emission_co2e_ch4_inen_cement:emission_co2e_ch4_inen_chemicals:emission_co2e_ch4_inen_electronics:emission_co2e_ch4_inen_glass:emission_co2e_ch4_inen_lime_and_carbonite:emission_co2e_ch4_inen_metals:emission_co2e_ch4_inen_mining:emission_co2e_ch4_inen_other_product_manufacturing:emission_co2e_ch4_inen_paper:emission_co2e_ch4_inen_plastic:emission_co2e_ch4_inen_recycled_glass:emission_co2e_ch4_inen_recycled_metals:emission_co2e_ch4_inen_recycled_paper:emission_co2e_ch4_inen_recycled_plastic:emission_co2e_ch4_inen_recycled_rubber_and_leather:emission_co2e_ch4_inen_recycled_textiles:emission_co2e_ch4_inen_recycled_wood:emission_co2e_ch4_inen_rubber_and_leather:emission_co2e_ch4_inen_textiles,EN - Manufacturing/Construction - CH4,0.018077663,EN - Manufacturing/Construction:CH4
inen,CO2,Energy,EN - Manufacturing/Construction,EN - Manufacturing/Construction,emission_co2e_co2_inen_nbmass_agriculture_and_livestock:emission_co2e_co2_inen_nbmass_cement:emission_co2e_co2_inen_nbmass_chemicals:emission_co2e_co2_inen_nbmass_electronics:emission_co2e_co2_inen_nbmass_glass:emission_co2e_co2_inen_nbmass_lime_and_carbonite:emission_co2e_co2_inen_nbmass_metals:emission_co2e_co2_inen_nbmass_mining:emission_co2e_co2_inen_nbmass_other_product_manufacturing:emission_co2e_co2_inen_nbmass_paper:emission_co2e_co2_inen_nbmass_plastic:emission_co2e_co2_inen_nbmass_recycled_glass:emission_co2e_co2_inen_nbmass_recycled_metals:emission_co2e_co2_inen_nbmass_recycled_paper:emission_co2e_co2_inen_nbmass_recycled_plastic:emission_co2e_co2_inen_nbmass_recycled_rubber_and_leather:emission_co2e_co2_inen_nbmass_recycled_textiles:emission_co2e_co2_inen_nbmass_recycled_wood:emission_co2e_co2_inen_nbmass_rubber_and_leather:emission_co2e_co2_inen_nbmass_textiles:emission_co2e_co2_inen_nbmass_wood,EN - Manufacturing/Construction - CO2,4.932055857,EN - Manufacturing/Construction:CO2
inen,N2O,Energy,EN - Manufacturing/Construction,EN - Manufacturing/Construction,emission_co2e_n2o_inen_agriculture_and_livestock:emission_co2e_n2o_inen_cement:emission_co2e_n2o_inen_chemicals:emission_co2e_n2o_inen_electronics:emission_co2e_n2o_inen_glass:emission_co2e_n2o_inen_lime_and_carbonite:emission_co2e_n2o_inen_metals:emission_co2e_n2o_inen_mining:emission_co2e_n2o_inen_other_product_manufacturing:emission_co2e_n2o_inen_paper:emission_co2e_n2o_inen_plastic:emission_co2e_n2o_inen_recycled_glass:emission_co2e_n2o_inen_recycled_metals:emission_co2e_n2o_inen_recycled_paper:emission_co2e_n2o_inen_recycled_plastic:emission_co2e_n2o_inen_recycled_rubber_and_leather:emission_co2e_n2o_inen_recycled_textiles:emission_co2e_n2o_inen_recycled_wood:emission_co2e_n2o_inen_rubber_and_leather:emission_co2e_n2o_inen_textiles,EN - Manufacturing/Construction - N2O,0.023924889,EN - Manufacturing/Construction:N2O
scoe,CH4,Energy,EN - Other,EN - Other,emission_co2e_ch4_scoe_other_se,EN - Other - CH4,0,EN - Other:CH4
scoe,CO2,Energy,EN - Other,EN - Other,emission_co2e_co2_scoe_nbmass_other_se,EN - Other - CO2,0,EN - Other:CO2
scoe,N2O,Energy,EN - Other,EN - Other,emission_co2e_n2o_scoe_other_se,EN - Other - N2O,0,EN - Other:N2O
trns,CH4,Energy,EN - Transportation,EN - Transportation,emission_co2e_ch4_trns_aviation:emission_co2e_ch4_trns_human_powered:emission_co2e_ch4_trns_powered_bikes:emission_co2e_ch4_trns_public:emission_co2e_ch4_trns_rail_freight:emission_co2e_ch4_trns_rail_passenger:emission_co2e_ch4_trns_road_heavy_freight:emission_co2e_ch4_trns_road_heavy_regional:emission_co2e_ch4_trns_road_light:emission_co2e_ch4_trns_water_borne,EN - Transportation - CH4,0.050659814,EN - Transportation:CH4
trns,CO2,Energy,EN - Transportation,EN - Transportation,emission_co2e_co2_trns_aviation:emission_co2e_co2_trns_human_powered:emission_co2e_co2_trns_powered_bikes:emission_co2e_co2_trns_public:emission_co2e_co2_trns_rail_freight:emission_co2e_co2_trns_rail_passenger:emission_co2e_co2_trns_road_heavy_freight:emission_co2e_co2_trns_road_heavy_regional:emission_co2e_co2_trns_road_light:emission_co2e_co2_trns_water_borne,EN - Transportation - CO2,10.31481115,EN - Transportation:CO2
trns,N2O,Energy,EN - Transportation,EN - Transportation,emission_co2e_n2o_trns_aviation:emission_co2e_n2o_trns_human_powered:emission_co2e_n2o_trns_powered_bikes:emission_co2e_n2o_trns_public:emission_co2e_n2o_trns_rail_freight:emission_co2e_n2o_trns_rail_passenger:emission_co2e_n2o_trns_road_heavy_freight:emission_co2e_n2o_trns_road_heavy_regional:emission_co2e_n2o_trns_road_light:emission_co2e_n2o_trns_water_borne,EN - Transportation - N2O,0.089264459,EN - Transportation:N2O
ippu,CH4,Industrial Processes,IN - Industrial Processes,IN - Industrial Processes,emission_co2e_ch4_ippu_production_chemicals:emission_co2e_ch4_ippu_production_metals:emission_co2e_ch4_ippu_production_paper:emission_co2e_ch4_ippu_production_plastic,IN - Industrial Processes - CH4,0,IN - Industrial Processes:CH4
ippu,CO2,Industrial Processes,IN - Industrial Processes,IN - Industrial Processes,emission_co2e_co2_ippu_product_use_product_use_lubricants:emission_co2e_co2_ippu_product_use_product_use_other:emission_co2e_co2_ippu_product_use_product_use_paraffin_wax:emission_co2e_co2_ippu_production_cement:emission_co2e_co2_ippu_production_chemicals:emission_co2e_co2_ippu_production_glass:emission_co2e_co2_ippu_production_lime_and_carbonite:emission_co2e_co2_ippu_production_metals:emission_co2e_co2_ippu_production_paper:emission_co2e_co2_ippu_production_plastic:emission_co2e_co2_ippu_production_product_use_lubricants:emission_co2e_co2_ippu_production_product_use_paraffin_wax,IN - Industrial Processes - CO2,3.77808,IN - Industrial Processes:CO2
ippu,HFC,Industrial Processes,IN - Industrial Processes,IN - Industrial Processes,emission_co2e_hfcs_ippu_product_use_product_use_ods_other:emission_co2e_hfcs_ippu_product_use_product_use_ods_refrigeration:emission_co2e_hfcs_ippu_production_chemicals:emission_co2e_hfcs_ippu_production_electronics:emission_co2e_hfcs_ippu_production_metals,IN - Industrial Processes - HFC,0.70185,IN - Industrial Processes:HFC
ippu,N2O,Industrial Processes,IN - Industrial Processes,IN - Industrial Processes,emission_co2e_n2o_ippu_production_chemicals:emission_co2e_n2o_ippu_production_other_product_manufacturing:emission_co2e_n2o_ippu_production_paper:emission_co2e_n2o_ippu_production_plastic,IN - Industrial Processes - N2O,0.07987,IN - Industrial Processes:N2O
ippu,OTHER_FCS,Industrial Processes,IN - Industrial Processes,IN - Industrial Processes,emission_co2e_other_fcs_ippu_product_use_product_use_ods_other:emission_co2e_other_fcs_ippu_production_chemicals:emission_co2e_other_fcs_ippu_production_electronics,IN - Industrial Processes - OTHER_FCS,0,IN - Industrial Processes:OTHER_FCS
ippu,PFC,Industrial Processes,IN - Industrial Processes,IN - Industrial Processes,emission_co2e_pfcs_ippu_product_use_product_use_ods_other:emission_co2e_pfcs_ippu_production_chemicals:emission_co2e_pfcs_ippu_production_electronics:emission_co2e_pfcs_ippu_production_other_product_manufacturing,IN - Industrial Processes - PFC,0.00001,IN - Industrial Processes:PFC
ippu,SF6,Industrial Processes,IN - Industrial Processes,IN - Industrial Processes,emission_co2e_sf6_ippu_production_chemicals:emission_co2e_sf6_ippu_production_electronics:emission_co2e_sf6_ippu_production_metals:emission_co2e_sf6_ippu_production_other_product_manufacturing,IN - Industrial Processes - SF6,0.02396,IN - Industrial Processes:SF6
frst,CO2,"Land Use, Land Use Change, and Forestry",LULUCF - Forest Land,LULUCF - Forest Land,emission_co2e_co2_frst_sequestration_mangroves:emission_co2e_co2_frst_sequestration_primary:emission_co2e_co2_frst_sequestration_secondary:emission_co2e_co2_frst_forest_fires,LULUCF - Forest Land - CO2,-8.34498,LULUCF - Forest Land:CO2
frst,CH4,"Land Use, Land Use Change, and Forestry",LULUCF - Forest Land,LULUCF - Forest Land,emission_co2e_ch4_frst_methane_mangroves:emission_co2e_ch4_frst_methane_primary:emission_co2e_ch4_frst_methane_secondary,LULUCF - Forest Land - CH4,0,LULUCF - Forest Land:CH4
frst,CO2,"Land Use, Land Use Change, and Forestry",LULUCF - HWP,LULUCF - HWP,emission_co2e_co2_frst_harvested_wood_products,LULUCF - HWP - CO2,-0.97025,LULUCF - HWP:CO2
lndu,CH4,"Land Use, Land Use Change, and Forestry",LULUCF - Wetlands,LULUCF - Wetlands,emission_co2e_ch4_lndu_wetlands,LULUCF - Wetlands - CH4,0,LULUCF - Wetlands:CH4
lndu,CO2,"Land Use, Land Use Change, and Forestry",LULUCF - Cropland,LULUCF - Cropland,emission_co2e_co2_lndu_conversion_forests_mangroves_to_croplands:emission_co2e_co2_lndu_conversion_forests_primary_to_croplands:emission_co2e_co2_lndu_conversion_forests_secondary_to_croplands:emission_co2e_co2_lndu_conversion_grasslands_to_croplands:emission_co2e_co2_lndu_conversion_other_to_croplands:emission_co2e_co2_lndu_conversion_pastures_to_croplands:emission_co2e_co2_lndu_conversion_settlements_to_croplands:emission_co2e_co2_lndu_conversion_shrublands_to_croplands:emission_co2e_co2_lndu_conversion_wetlands_to_croplands,LULUCF - Cropland - CO2,0.35592,LULUCF - Cropland:CO2
lndu,CO2,"Land Use, Land Use Change, and Forestry",LULUCF - Grassland,LULUCF - Grassland,emission_co2e_co2_lndu_conversion_forests_mangroves_to_grasslands:emission_co2e_co2_lndu_conversion_forests_primary_to_grasslands:emission_co2e_co2_lndu_conversion_forests_secondary_to_grasslands:emission_co2e_co2_lndu_conversion_croplands_to_grasslands:emission_co2e_co2_lndu_conversion_flooded_to_grasslands:emission_co2e_co2_lndu_conversion_grasslands_to_grasslands:emission_co2e_co2_lndu_conversion_other_to_grasslands:emission_co2e_co2_lndu_conversion_pastures_to_grasslands:emission_co2e_co2_lndu_conversion_settlements_to_grasslands:emission_co2e_co2_lndu_conversion_shrublands_to_grasslands:emission_co2e_co2_lndu_conversion_wetlands_to_grasslands:emission_co2e_co2_lndu_biomass_sequestration_grasslands:emission_co2e_co2_lndu_biomass_sequestration_pastures:emission_co2e_co2_lndu_biomass_sequestration_shrublands,LULUCF - Grassland - CO2,-0.83481,LULUCF - Grassland:CO2
lndu,CO2,"Land Use, Land Use Change, and Forestry",LULUCF - Wetlands,LULUCF - Wetlands,emission_co2e_co2_lndu_conversion_forests_mangroves_to_wetlands:emission_co2e_co2_lndu_conversion_forests_primary_to_wetlands:emission_co2e_co2_lndu_conversion_forests_secondary_to_wetlands:emission_co2e_co2_lndu_conversion_croplands_to_wetlands:emission_co2e_co2_lndu_conversion_flooded_to_wetlands:emission_co2e_co2_lndu_conversion_grasslands_to_wetlands:emission_co2e_co2_lndu_conversion_other_to_wetlands:emission_co2e_co2_lndu_conversion_pastures_to_wetlands:emission_co2e_co2_lndu_conversion_settlements_to_wetlands:emission_co2e_co2_lndu_conversion_shrublands_to_wetlands:emission_co2e_co2_lndu_conversion_wetlands_to_wetlands:emission_co2e_co2_lndu_biomass_sequestration_wetlands,LULUCF - Wetlands - CO2,0.08098,LULUCF - Wetlands:CO2
lndu,CO2,"Land Use, Land Use Change, and Forestry",LULUCF - Settlements,LULUCF - Settlements,emission_co2e_co2_lndu_conversion_forests_mangroves_to_settlements:emission_co2e_co2_lndu_conversion_forests_primary_to_settlements:emission_co2e_co2_lndu_conversion_forests_secondary_to_settlements:emission_co2e_co2_lndu_conversion_croplands_to_settlements:emission_co2e_co2_lndu_conversion_flooded_to_settlements:emission_co2e_co2_lndu_conversion_grasslands_to_settlements:emission_co2e_co2_lndu_conversion_other_to_settlements:emission_co2e_co2_lndu_conversion_pastures_to_settlements:emission_co2e_co2_lndu_conversion_settlements_to_settlements:emission_co2e_co2_lndu_conversion_shrublands_to_settlements:emission_co2e_co2_lndu_conversion_wetlands_to_settlements:emission_co2e_co2_lndu_biomass_sequestration_settlements,LULUCF - Settlements - CO2,0.17311,LULUCF - Settlements:CO2
lndu,CO2,"Land Use, Land Use Change, and Forestry",LULUCF - Other Land,LULUCF - Other Land,emission_co2e_co2_lndu_biomass_sequestration_other,LULUCF - Other Land - CO2,0,LULUCF - Other Land:CO2
ippu,NF3,UNACCOUNTED,UNACCOUNTED,UNACCOUNTED,emission_co2e_nf3_ippu_production_chemicals:emission_co2e_nf3_ippu_production_electronics,UNACCOUNTED - NF3,0,UNACCOUNTED:NF3
waso,CH4,Waste,Waste - Solid Waste,Waste - Solid Waste,emission_co2e_ch4_waso_biogas_food:emission_co2e_ch4_waso_biogas_sludge:emission_co2e_ch4_waso_biogas_yard:emission_co2e_ch4_waso_compost_food:emission_co2e_ch4_waso_compost_sludge:emission_co2e_ch4_waso_compost_yard:emission_co2e_ch4_waso_incineration:emission_co2e_ch4_waso_landfilled_chemical_industrial:emission_co2e_ch4_waso_landfilled_food:emission_co2e_ch4_waso_landfilled_glass:emission_co2e_ch4_waso_landfilled_metal:emission_co2e_ch4_waso_landfilled_nappies:emission_co2e_ch4_waso_landfilled_other:emission_co2e_ch4_waso_landfilled_paper:emission_co2e_ch4_waso_landfilled_plastic:emission_co2e_ch4_waso_landfilled_rubber_leather:emission_co2e_ch4_waso_landfilled_sludge:emission_co2e_ch4_waso_landfilled_textiles:emission_co2e_ch4_waso_landfilled_wood:emission_co2e_ch4_waso_landfilled_yard:emission_co2e_ch4_waso_open_dump_chemical_industrial:emission_co2e_ch4_waso_open_dump_food:emission_co2e_ch4_waso_open_dump_glass:emission_co2e_ch4_waso_open_dump_metal:emission_co2e_ch4_waso_open_dump_nappies:emission_co2e_ch4_waso_open_dump_other:emission_co2e_ch4_waso_open_dump_paper:emission_co2e_ch4_waso_open_dump_plastic:emission_co2e_ch4_waso_open_dump_rubber_leather:emission_co2e_ch4_waso_open_dump_sludge:emission_co2e_ch4_waso_open_dump_textiles:emission_co2e_ch4_waso_open_dump_wood:emission_co2e_ch4_waso_open_dump_yard,Waste - Solid Waste - CH4,2.171526,Waste - Solid Waste:CH4
waso,CO2,Waste,Waste - Solid Waste,Waste - Solid Waste,emission_co2e_co2_waso_incineration,Waste - Solid Waste - CO2,0.01186,Waste - Solid Waste:CO2
waso,N2O,Waste,Waste - Solid Waste,Waste - Solid Waste,emission_co2e_n2o_waso_compost_food:emission_co2e_n2o_waso_compost_sludge:emission_co2e_n2o_waso_compost_yard:emission_co2e_n2o_waso_incineration,Waste - Solid Waste - N2O,0.005539,Waste - Solid Waste:N2O
trww,CH4,Waste,Waste - Wastewater Treatment,Waste - Wastewater Treatment,emission_co2e_ch4_trww_treated_advanced_aerobic_treatment:emission_co2e_ch4_trww_treated_advanced_anaerobic_treatment:emission_co2e_ch4_trww_treated_latrine_improved_treatment:emission_co2e_ch4_trww_treated_latrine_unimproved_treatment:emission_co2e_ch4_trww_treated_primary_treatment:emission_co2e_ch4_trww_treated_secondary_aerobic_treatment:emission_co2e_ch4_trww_treated_secondary_anaerobic_treatment:emission_co2e_ch4_trww_treated_septic_treatment:emission_co2e_ch4_trww_untreated_no_sewerage_treatment:emission_co2e_ch4_trww_untreated_with_sewerage_treatment,Waste - Wastewater Treatment - CH4,0.503,Waste - Wastewater Treatment:CH4
trww,N2O,Waste,Waste - Wastewater Treatment,Waste - Wastewater Treatment,emission_co2e_n2o_trww_treated_advanced_aerobic_effluent:emission_co2e_n2o_trww_treated_advanced_aerobic_treatment:emission_co2e_n2o_trww_treated_advanced_anaerobic_effluent:emission_co2e_n2o_trww_treated_advanced_anaerobic_treatment:emission_co2e_n2o_trww_treated_latrine_improved_effluent:emission_co2e_n2o_trww_treated_latrine_improved_treatment:emission_co2e_n2o_trww_treated_latrine_unimproved_effluent:emission_co2e_n2o_trww_treated_latrine_unimproved_treatment:emission_co2e_n2o_trww_treated_primary_effluent:emission_co2e_n2o_trww_treated_primary_treatment:emission_co2e_n2o_trww_treated_secondary_aerobic_effluent:emission_co2e_n2o_trww_treated_secondary_aerobic_treatment:emission_co2e_n2o_trww_treated_secondary_anaerobic_effluent:emission_co2e_n2o_trww_treated_secondary_anaerobic_treatment:emission_co2e_n2o_trww_treated_septic_effluent:emission_co2e_n2o_trww_treated_septic_treatment:emission_co2e_n2o_trww_untreated_no_sewerage_effluent:emission_co2e_n2o_trww_untreated_no_sewerage_treatment:emission_co2e_n2o_trww_untreated_with_sewerage_effluent:emission_co2e_n2o_trww_untreated_with_sewerage_treatment,Waste - Wastewater Treatment - N2O,0.00043,Waste - Wastewater Treatment:N2O